date,temp_max,temp_min,temp_mean,precip_sum,wind_max
2023-08-01,20.85,9.85,14.091664,0.0,16.981165
2023-08-02,19.3,8.8,14.04375,0.4,12.594856
2023-08-03,20.75,6.55,13.279166,0.0,16.923828
2023-08-04,21.0,6.45,13.397918,0.0,22.26477
2023-08-05,19.1,8.95,13.745834,5.2,13.324863
2023-08-06,16.7,10.6,13.931251,1.6000001,21.434364
2023-08-07,15.7,9.4,12.333333,3.5000002,13.441071
2023-08-08,17.6,8.7,12.404167,5.0,15.725037
2023-08-09,19.85,7.05,12.987499,0.0,19.0392
2023-08-10,22.55,8.55,15.216668,0.0,33.532215
2023-08-11,18.55,7.6,12.829169,0.0,16.595179
2023-08-12,20.35,5.4,12.175002,0.0,13.392774
2023-08-13,17.4,10.2,13.260417,0.5,17.782688
2023-08-14,16.15,10.3,12.827083,13.000003,15.281989
2023-08-15,15.35,8.45,11.695834,1.2,23.444265
2023-08-16,15.7,7.4,11.237499,0.70000005,13.441071
2023-08-17,19.35,6.35,12.033333,1.5,15.629971
2023-08-18,16.65,10.7,13.010415,3.7999997,34.921856
2023-08-19,17.65,8.05,12.283333,0.0,26.82906
2023-08-20,20.6,10.05,14.918752,0.0,23.233253
2023-08-21,20.2,8.15,13.143749,0.0,14.578888
2023-08-22,23.2,8.05,14.722917,0.0,14.773164
2023-08-23,17.95,10.75,14.345834,0.5,24.187069
2023-08-24,18.55,9.35,13.4375,0.4,13.32
2023-08-25,19.55,7.15,12.610417,0.0,13.397612
2023-08-26,18.95,8.25,12.889583,0.8,12.7279215
2023-08-27,19.45,8.4,13.381248,0.5,15.725037
2023-08-28,20.1,8.8,13.697918,0.5,16.965895
2023-08-29,21.2,7.7,14.304166,0.0,18.03237
2023-08-30,25.05,8.2,15.7625,1.7,17.283749
2023-08-31,17.8,9.8,13.814584,0.8000001,18.25026
2023-09-01,17.35,9.9,13.618751,0.2,33.908863
2023-09-02,16.6,8.5,13.052083,0.0,17.298738
2023-09-03,18.4,7.65,12.677083,0.0,14.345898
2023-09-04,19.2,7.65,13.752083,0.0,21.650938
2023-09-05,23.9,12.05,16.825,0.6,22.380884
2023-09-06,20.5,7.35,14.283334,0.0,25.944988
2023-09-07,23.25,7.25,16.69375,0.0,27.792374
2023-09-08,19.35,11.45,15.952085,4.7999997,31.667723
2023-09-09,18.7,7.95,12.320831,0.0,19.652176
2023-09-10,18.4,6.4,11.870833,0.0,18.36353
2023-09-11,18.75,6.25,12.368751,0.0,16.299694
2023-09-12,20.15,7.6,13.470833,0.0,12.979984
2023-09-13,21.85,8.2,14.287499,0.0,12.57426
2023-09-14,24.25,7.8,15.549998,0.0,14.88242
2023-09-15,26.6,7.8,17.420835,0.0,22.728518
2023-09-16,31.6,11.35,21.885416,0.0,21.542923
2023-09-17,31.4,15.45,22.706247,0.0,16.09969
2023-09-18,31.85,11.5,21.639582,0.0,21.611996
2023-09-19,33.95,11.9,23.714584,0.0,18.331741
2023-09-20,33.85,19.4,26.525,0.0,32.619255
2023-09-21,22.45,14.4,17.399998,0.90000004,30.319181
2023-09-22,17.7,10.85,15.045831,0.5,24.014996
2023-09-23,19.3,9.65,14.525001,0.0,15.484185
2023-09-24,19.9,8.05,14.270832,0.0,18.331741
2023-09-25,24.05,7.95,16.252083,0.0,21.407139
2023-09-26,20.75,10.8,16.11875,3.8,25.6233
2023-09-27,22.1,12.15,17.058336,3.9,17.313717
2023-09-28,21.2,13.15,17.360416,4.0,17.727943
2023-09-29,26.05,10.9,16.974998,0.0,15.463244
2023-09-30,25.3,11.0,18.279167,0.0,24.821732
2023-10-01,35.05,15.25,24.65625,0.0,30.45566
2023-10-02,21.9,15.65,18.8625,0.0,22.608458
2023-10-03,34.6,15.9,24.924997,0.0,25.099514
2023-10-04,27.3,13.25,21.891668,13.599999,24.94413
2023-10-05,21.5,12.15,16.277082,0.0,29.168886
2023-10-06,21.1,10.75,15.168748,1.2,27.852928
2023-10-07,17.75,12.35,14.935417,2.0,23.023119
2023-10-08,20.85,9.0,14.554168,0.4,18.0036
2023-10-09,23.55,8.45,16.304167,0.0,23.090569
2023-10-10,20.5,12.2,16.956251,2.3999999,17.651016
2023-10-11,24.1,11.7,18.331251,0.1,26.064596
2023-10-12,31.75,11.1,21.35,0.3,39.33072
2023-10-13,23.55,11.95,16.68542,1.7,23.266697
2023-10-14,27.5,12.1,19.7875,0.0,15.716793
2023-10-15,23.6,12.65,18.206251,0.0,21.542923
2023-10-16,26.3,10.9,16.822916,3.1000001,38.479603
2023-10-17,18.0,11.65,15.216667,0.9000001,29.784426
2023-10-18,20.9,13.4,17.120834,0.2,14.76439
2023-10-19,22.75,10.6,16.68125,0.1,21.434364
2023-10-20,24.3,10.4,18.097918,0.0,23.979893
2023-10-21,24.55,15.0,19.941668,0.0,30.472675
2023-10-22,27.45,15.15,21.685417,0.0,18.888851
2023-10-23,26.05,12.65,19.13125,0.0,20.570463
2023-10-24,28.7,11.7,19.95625,0.0,24.993437
2023-10-25,22.55,15.4,19.468748,0.8,24.993439
2023-10-26,16.2,12.4,14.416667,9.8,31.311724
2023-10-27,16.9,13.45,15.1125,5.7999997,31.170673
2023-10-28,19.85,11.8,15.697917,0.0,17.25373
2023-10-29,24.5,9.65,17.670835,0.0,25.35637
2023-10-30,33.4,10.8,22.7125,0.0,20.364674
2023-10-31,28.95,14.95,21.29375,0.0,32.535713
2023-11-01,19.75,11.1,16.63125,0.90000004,22.89611
2023-11-02,21.7,13.45,17.739584,0.2,19.08
2023-11-03,21.9,15.05,18.387499,2.1999998,17.309975
2023-11-04,20.45,15.35,17.577082,7.8,22.183128
2023-11-05,19.05,13.55,16.512499,27.999996,21.42227
2023-11-06,20.15,11.6,16.410416,0.0,14.799459
2023-11-07,23.1,11.3,17.862501,0.0,25.233404
2023-11-08,24.55,13.75,19.491667,0.1,24.766848
2023-11-09,26.15,15.55,19.960417,6.4,24.482647
2023-11-10,23.9,15.4,19.55,0.0,25.683926
2023-11-11,26.45,15.75,21.76042,0.0,30.811037
2023-11-12,23.45,18.25,21.01875,0.1,27.698952
2023-11-13,21.3,16.8,19.074999,1.6000001,23.42491
2023-11-14,24.5,14.35,19.712503,0.0,20.037485
2023-11-15,23.2,16.8,19.975,4.5,23.510508
2023-11-16,24.05,16.15,19.737501,7.3999996,21.38897
2023-11-17,20.2,14.95,17.506248,5.399999,33.887836
2023-11-18,22.5,12.45,17.956251,0.1,25.476198
2023-11-19,24.4,12.7,19.318748,0.0,28.820242
2023-11-20,25.05,18.05,21.072916,0.2,18.775303
2023-11-21,23.15,18.55,20.34583,3.9999998,18.775303
2023-11-22,23.65,17.75,20.71667,0.0,26.554728
2023-11-23,22.9,18.0,20.220835,4.4,26.82906
2023-11-24,23.45,17.9,20.437502,6.7999997,20.633371
2023-11-25,21.75,19.0,20.089584,11.400001,18.671474
2023-11-26,29.1,17.6,22.958334,0.1,18.709612
2023-11-27,24.0,18.1,21.147917,1.7000002,21.67487
2023-11-28,21.75,17.85,20.025002,13.2,28.257132
2023-11-29,24.85,17.65,20.854166,26.0,26.729847
2023-11-30,27.05,16.25,20.895834,0.7,13.905509
2023-12-01,25.35,16.4,20.224998,0.2,19.255793
2023-12-02,24.0,16.35,20.012505,16.0,18.03237
2023-12-03,23.85,14.75,19.304167,0.5,27.897097
2023-12-04,22.55,16.6,19.510418,1.4000001,18.214718
2023-12-05,28.4,14.85,22.372917,0.0,23.358423
2023-12-06,23.8,17.5,21.877085,0.0,27.381308
2023-12-07,26.15,16.05,21.045832,0.0,21.518847
2023-12-08,33.45,18.15,24.706251,0.0,25.233404
2023-12-09,39.25,21.85,28.824997,0.0,37.08699
2023-12-10,25.75,21.85,23.447916,2.8999996,25.562534
2023-12-11,26.95,21.2,23.714579,0.5,19.469976
2023-12-12,27.1,20.55,23.539583,0.4,18.214718
2023-12-13,27.05,19.2,23.658333,0.0,26.250393
2023-12-14,37.55,21.35,29.327082,0.0,30.978832
2023-12-15,25.55,20.1,22.758331,0.1,23.664352
2023-12-16,33.75,18.3,25.4,0.0,21.96
2023-12-17,24.8,19.8,22.314589,0.4,23.770906
2023-12-18,28.2,18.6,23.333336,0.8,21.41319
2023-12-19,31.45,21.05,25.916666,0.3,34.743263
2023-12-20,20.55,16.75,18.797916,43.800003,33.2781
2023-12-21,21.35,16.85,19.16875,1.5000001,37.47114
2023-12-22,22.25,15.5,19.304167,0.9,22.077717
2023-12-23,22.65,15.6,19.485415,1.4000001,14.57889
2023-12-24,23.5,18.0,19.831247,7.2999997,18.692286
2023-12-25,24.9,16.95,21.339584,0.6,18.03237
2023-12-26,26.85,17.85,22.037498,3.3999999,21.288757
2023-12-27,24.55,17.65,21.164583,8.9,20.721119
2023-12-28,27.6,16.75,21.775002,0.2,18.709612
2023-12-29,24.6,17.35,21.5375,20.5,15.2947035
2023-12-30,24.05,17.2,20.889585,0.70000005,25.376808
2023-12-31,21.55,17.6,19.760412,5.2,19.296135
2024-01-01,23.55,19.2,21.666664,1.4000001,25.501621
2024-01-02,25.8,19.0,23.164583,0.0,29.01743
2024-01-03,27.35,19.0,23.425003,0.0,23.34455
2024-01-04,26.3,19.5,22.6,2.9000003,31.682047
2024-01-05,23.1,18.6,21.064587,1.1,25.140787
2024-01-06,24.45,16.35,21.039583,0.1,18.03237
2024-01-07,25.8,16.65,22.502085,0.0,28.775238
2024-01-08,27.15,19.85,23.439583,3.2,18.692286
2024-01-09,24.85,19.85,22.777082,0.4,23.110205
2024-01-10,27.4,18.2,23.258333,0.2,21.261345
2024-01-11,27.05,21.25,23.929163,3.5,17.873556
2024-01-12,27.35,21.3,23.925001,1.6000001,22.9724
2024-01-13,28.95,17.55,23.835419,1.1,21.933426
2024-01-14,25.45,20.85,22.583334,10.9,23.708124
2024-01-15,21.75,19.4,20.508333,60.299995,29.407835
2024-01-16,23.4,19.8,21.875,2.3,21.485697
2024-01-17,28.5,21.55,23.781248,15.900001,19.826164
2024-01-18,28.0,19.85,23.429167,1.3000001,15.941944
2024-01-19,26.25,17.75,21.931252,0.1,20.163212
2024-01-20,25.35,20.2,22.960417,0.1,24.703974
2024-01-21,32.75,18.8,25.920832,0.0,37.079998
2024-01-22,22.75,20.1,21.425001,0.70000005,35.32589
2024-01-23,24.2,19.45,21.802084,0.8000001,17.026896
2024-01-24,29.1,18.05,23.983335,0.0,20.808498
2024-01-25,32.4,23.0,26.741667,0.0,19.721298
2024-01-26,36.6,21.85,27.339584,1.4,30.5173
2024-01-27,23.55,20.35,21.989586,1.7000002,21.650938
2024-01-28,25.2,17.5,21.945833,0.7,19.272614
2024-01-29,28.05,20.3,24.366663,0.1,25.305208
2024-01-30,25.75,21.85,23.910416,3.8,26.341572
2024-01-31,25.45,20.4,22.964586,2.3,24.315327
2024-02-01,26.5,20.6,23.122917,0.5,23.838959
2024-02-02,27.6,20.35,23.427086,0.1,22.702845
2024-02-03,26.7,20.85,23.229166,0.1,26.649727
2024-02-04,30.6,19.9,25.65,0.0,30.817343
2024-02-05,33.75,23.95,26.924997,0.8,20.929594
2024-02-06,24.25,20.0,22.206251,5.3,34.98674
2024-02-07,22.4,19.0,20.3875,2.2,32.44996
2024-02-08,23.15,17.95,20.985415,0.1,23.86341
2024-02-09,23.55,16.8,20.677082,3.1000001,27.698952
2024-02-10,23.65,20.1,21.810415,2.4,29.44307
2024-02-11,24.2,18.15,21.241667,0.4,15.986593
2024-02-12,26.75,15.8,22.089582,0.0,24.063513
2024-02-13,30.15,20.2,24.629171,0.0,27.757376
2024-02-14,28.4,19.6,23.231249,2.3,32.569557
2024-02-15,22.25,20.05,21.045832,3.6000001,17.309975
2024-02-16,26.4,20.2,22.935417,21.0,21.068459
2024-02-17,28.45,20.7,24.445833,0.2,14.917212
2024-02-18,27.75,20.3,23.891668,0.0,12.371645
2024-02-19,23.2,19.9,21.706251,7.7999997,21.2522
2024-02-20,22.3,19.05,20.454166,16.0,17.313717
2024-02-21,24.45,19.7,21.854166,5.299999,17.935081
2024-02-22,28.0,19.05,23.189583,0.3,19.130875
2024-02-23,34.6,19.5,26.185417,4.5,25.223133
2024-02-24,21.65,17.9,20.958334,1.1,27.231804
2024-02-25,25.45,16.8,20.981253,0.0,19.969458
2024-02-26,26.85,16.8,21.44375,0.5,31.193535
2024-02-27,23.05,18.65,21.689583,4.4,17.227419
2024-02-28,27.15,18.75,23.518747,0.2,25.20257
2024-02-29,34.9,21.45,27.206251,0.1,27.059933
2024-03-01,26.8,21.45,24.358332,0.0,19.559633
2024-03-02,24.45,20.9,22.71875,4.1,32.431984
2024-03-03,29.75,18.05,23.47083,0.2,32.85678
2024-03-04,22.4,15.65,20.441666,0.2,30.855171
2024-03-05,24.35,13.65,19.662502,0.0,20.304129
2024-03-06,28.25,16.05,22.487501,0.0,22.218153
2024-03-07,26.85,17.85,22.762499,1.4000001,24.18707
2024-03-08,27.15,18.85,23.029167,0.70000005,19.228851
2024-03-09,27.85,16.8,22.9375,0.0,19.694992
2024-03-10,27.8,18.4,23.222914,0.1,21.385939
2024-03-11,27.6,17.45,23.0375,0.0,19.376562
2024-03-12,30.6,17.45,23.489584,0.0,16.981165
2024-03-13,27.2,18.55,23.129166,0.0,17.414474
2024-03-14,30.95,19.05,23.418749,1.0,30.811037
2024-03-15,23.1,18.4,20.891666,2.8999999,25.582806
2024-03-16,23.0,16.95,20.1625,4.1000004,14.830076
2024-03-17,22.05,18.0,19.65,19.4,15.328561
2024-03-18,23.7,18.35,20.668749,3.1,15.696165
2024-03-19,26.3,18.2,21.9375,1.6000001,21.892027
2024-03-20,24.8,18.65,21.124998,11.7,37.038033
2024-03-21,20.45,16.6,18.645836,0.4,32.846916
2024-03-22,21.9,13.25,17.71875,0.5,11.966954
2024-03-23,22.85,13.05,18.402084,1.2,13.044722
2024-03-24,24.35,17.3,20.233334,2.0,18.0
2024-03-25,27.2,15.2,20.129166,0.0,17.418196
2024-03-26,24.85,14.75,20.154167,0.0,13.70839
2024-03-27,23.85,17.9,20.80625,1.7,17.373497
2024-03-28,23.05,16.45,20.125,2.4999998,17.49615
2024-03-29,23.75,15.65,20.272917,0.1,14.458382
2024-03-30,26.1,13.05,19.3,0.0,16.73516
2024-03-31,25.6,15.55,19.831251,0.0,16.454008
2024-04-01,27.25,15.35,21.191666,0.0,24.464113
2024-04-02,25.35,17.4,20.820833,15.500001,20.188908
2024-04-03,22.5,15.25,18.918753,0.1,17.10284
2024-04-04,20.05,18.25,19.181252,12.700001,18.678415
2024-04-05,20.15,18.05,19.177084,60.7,37.894165
2024-04-06,26.35,18.4,21.59167,26.300001,39.47708
2024-04-07,25.15,14.15,19.577084,0.5,10.630672
2024-04-08,21.65,16.3,18.679169,0.8000001,13.004921
2024-04-09,20.7,12.75,15.60625,17.1,31.749468
2024-04-10,20.15,12.8,16.135416,0.0,30.248568
2024-04-11,20.5,11.45,15.854168,0.0,22.805367
2024-04-12,21.95,12.15,16.445833,0.0,15.517629
2024-04-13,21.7,11.85,16.889582,1.3000001,11.480557
2024-04-14,23.35,14.1,18.4,0.0,14.021525
2024-04-15,22.9,13.85,17.827085,0.0,11.808878
2024-04-16,21.7,14.0,17.585417,0.4,13.044722
2024-04-17,21.15,14.65,17.787498,1.3000001,16.981165
2024-04-18,21.95,13.9,16.554167,1.8000001,13.661038
2024-04-19,19.5,11.5,15.645833,0.4,19.469975
2024-04-20,18.35,15.1,16.660416,14.9,32.219494
2024-04-21,19.6,13.6,16.841665,1.4000001,21.288757
2024-04-22,21.2,12.85,16.497915,0.0,11.367109
2024-04-23,22.85,12.65,17.835417,0.0,19.33639
2024-04-24,24.9,14.6,18.985418,0.1,28.483257
2024-04-25,19.7,11.85,15.668748,0.1,15.349684
2024-04-26,18.95,11.45,14.699998,0.0,20.633371
2024-04-27,20.1,10.85,15.154167,0.1,11.165805
2024-04-28,22.45,11.4,16.77083,0.0,17.654686
2024-04-29,25.5,11.45,17.810415,0.0,10.086427
2024-04-30,17.9,16.05,16.870832,4.8999996,29.215502
2024-05-01,17.65,13.35,15.308333,11.299999,27.021591
2024-05-02,18.35,13.2,15.387501,5.599999,19.083395
2024-05-03,16.8,12.85,14.568751,14.8,16.171976
2024-05-04,17.9,13.2,15.320832,5.9,12.24
2024-05-05,17.05,13.6,15.158334,29.599998,27.41678
2024-05-06,20.05,15.85,17.512503,23.300001,32.17522
2024-05-07,18.65,14.05,16.206247,2.2,16.904673
2024-05-08,18.65,12.95,15.810417,7.0000005,13.207634
2024-05-09,18.85,13.5,15.629167,4.5999994,13.450708
2024-05-10,19.85,13.8,16.322918,3.1,14.113653
2024-05-11,16.95,15.0,15.889583,29.7,18.709612
2024-05-12,19.2,14.6,15.941666,10.500002,19.13426
2024-05-13,19.6,13.65,16.908335,4.0,29.775719
2024-05-14,21.15,11.5,15.614586,0.2,14.404499
2024-05-15,21.15,12.35,15.743749,0.2,11.27553
2024-05-16,19.95,10.6,15.093751,0.4,11.298495
2024-05-17,21.25,11.8,15.483333,0.0,17.917007
2024-05-18,15.0,11.15,13.160417,3.9000003,38.0733
2024-05-19,16.85,9.35,12.118751,0.0,18.161278
2024-05-20,17.6,8.1,12.847916,0.5,25.171696
2024-05-21,17.65,10.75,14.691667,1.0,23.933907
2024-05-22,17.85,8.1,12.477082,0.0,12.758432
2024-05-23,18.25,6.9,11.858334,0.0,12.522619
2024-05-24,18.45,7.05,12.289584,0.0,11.525623
2024-05-25,18.05,9.4,13.368751,0.0,11.503113
2024-05-26,19.55,8.7,12.968751,0.0,12.313893
2024-05-27,18.9,7.8,12.154167,0.0,13.441071
2024-05-28,19.3,6.7,11.802083,0.0,12.413476
2024-05-29,19.95,7.2,12.883332,0.0,11.592895
2024-05-30,22.05,8.15,14.583333,0.0,20.617662
2024-05-31,19.5,14.5,17.4625,1.9000001,25.699057
2024-06-01,16.6,12.0,13.795835,48.499996,31.311724
2024-06-02,16.05,11.05,12.904166,16.1,27.362368
2024-06-03,16.1,6.5,11.062499,0.0,15.509274
2024-06-04,16.55,7.3,11.287501,0.0,21.746504
2024-06-05,14.65,8.6,11.516666,1.0,12.313893
2024-06-06,15.5,11.05,13.310417,17.5,15.192682
2024-06-07,17.5,11.35,14.627083,5.2999997,27.77838
2024-06-08,18.95,11.05,14.2375,0.90000004,22.148045
2024-06-09,17.45,8.75,13.047917,0.0,19.592731
2024-06-10,16.75,7.75,11.760417,0.2,19.966211
2024-06-11,15.8,5.35,11.3625,0.0,24.079666
2024-06-12,16.8,8.7,12.714584,2.8,28.137632
2024-06-13,14.9,7.35,10.914582,0.0,17.698677
2024-06-14,13.8,9.85,11.775001,9.5,14.154915
2024-06-15,13.15,9.85,11.458333,18.200003,22.61419
2024-06-16,14.95,6.35,10.156249,0.0,21.175835
2024-06-17,15.35,8.65,11.864585,0.5,26.486313
2024-06-18,15.95,7.5,10.570832,0.0,18.014393
2024-06-19,14.15,4.25,8.270833,0.0,18.806337
2024-06-20,15.0,2.4,8.141666,0.0,10.163227
2024-06-21,15.55,6.0,10.150001,0.0,14.205182
2024-06-22,13.75,7.8,10.84375,8.799999,25.6233
2024-06-23,14.6,7.8,11.629166,4.7,18.671474
2024-06-24,15.7,5.3,9.75,0.0,13.5515
2024-06-25,17.25,4.7,10.314583,0.0,13.493999
2024-06-26,19.35,6.85,12.060417,0.0,13.910169
2024-06-27,17.15,3.85,10.491667,0.0,12.9249525
2024-06-28,16.75,4.25,10.089583,0.0,12.661564
2024-06-29,18.9,5.4,12.360415,0.0,20.5484
2024-06-30,15.5,8.4,12.983333,5.799999,20.780453
2024-07-01,13.7,6.45,10.054168,1.4000001,26.727423
2024-07-02,14.55,9.35,11.697918,3.6999984,24.57511
2024-07-03,14.5,10.65,12.150001,8.1,28.312117
2024-07-04,16.55,10.75,13.39375,4.0999994,22.288042
2024-07-05,16.0,10.7,13.41875,2.6,22.55106
2024-07-06,15.45,10.25,13.075001,2.8999994,21.316135
2024-07-07,15.6,9.95,12.704166,1.4000001,10.990322
2024-07-08,16.7,11.45,13.681249,4.6999993,14.77755
2024-07-09,18.55,10.1,14.243751,3.6999998,14.440443
2024-07-10,17.6,6.7,11.454166,0.2,9.726665
2024-07-11,16.5,7.45,11.258332,0.0,11.885453
2024-07-12,16.55,7.15,11.285417,0.0,19.083395
2024-07-13,16.1,9.5,12.395833,0.0,20.497883
2024-07-14,15.05,7.95,10.466665,0.0,20.598795
2024-07-15,13.45,6.3,9.379167,0.0,27.459293
2024-07-16,13.9,7.95,10.645833,0.1,25.922499
2024-07-17,17.6,10.0,12.7854185,0.5,23.051247
2024-07-18,16.45,7.65,11.372917,0.0,24.798225
2024-07-19,15.65,5.25,10.252082,0.0,19.8
2024-07-20,15.35,11.2,12.739583,0.0,36.161636
2024-07-21,16.2,8.0,12.181248,0.0,33.805515
2024-07-22,17.6,6.0,10.747917,0.0,13.324863
2024-07-23,17.9,5.15,10.549998,0.0,12.4811535
2024-07-24,18.9,4.4,11.072917,0.0,17.58481
2024-07-25,22.2,11.4,15.956248,0.1,24.144165
2024-07-26,19.05,8.95,13.972919,1.7,16.93531
2024-07-27,16.25,6.1,10.566666,3.2,13.450708
2024-07-28,13.15,8.1,9.983335,0.0,29.598919
2024-07-29,13.6,6.9,10.304167,0.0,31.421213
2024-07-30,14.75,6.95,10.797916,0.0,31.104082
2024-07-31,15.0,8.9,11.589583,0.0,31.170673
2024-08-01,14.35,9.15,11.522916,1.2,28.901073
2024-08-02,15.1,8.1,11.272918,1.5000001,15.84409
2024-08-03,17.05,5.35,10.172917,0.0,13.217443
2024-08-04,15.4,4.7,9.485417,0.0,11.367109
2024-08-05,15.3,4.65,10.129168,0.1,8.699793
2024-08-06,16.8,5.8,11.074998,0.1,15.876775
2024-08-07,16.7,5.2,9.477083,0.0,13.849476
2024-08-08,17.6,4.3,11.010417,0.0,19.386591
2024-08-09,19.0,6.3,11.987502,0.9,13.684735
2024-08-10,17.6,8.4,12.452084,0.2,12.682018
2024-08-11,17.3,7.95,12.443752,0.5,14.20062
2024-08-12,17.95,9.35,13.2375,3.0,11.988594
2024-08-13,18.35,13.15,15.812499,3.3999999,23.113008
2024-08-14,16.75,13.95,15.447918,22.5,8.905908
2024-08-15,17.05,11.55,14.162498,0.2,18.35647
2024-08-16,20.15,11.05,14.618749,0.1,12.245294
2024-08-17,19.05,12.0,15.145835,0.1,22.734219
2024-08-18,15.7,11.45,13.633332,0.2,31.421213
2024-08-19,16.35,9.85,13.272918,0.3,10.464797
2024-08-20,20.7,8.15,14.131249,0.2,22.86496
2024-08-21,24.3,13.95,18.21667,0.0,22.086521
2024-08-22,20.2,12.75,15.939582,0.0,12.904882
2024-08-23,19.9,8.65,14.029166,0.0,19.242327
2024-08-24,26.2,12.15,18.86875,0.2,25.959969
2024-08-25,23.45,15.8,18.875002,1.1,30.261421
2024-08-26,21.3,13.2,17.820833,0.0,30.37683
2024-08-27,22.25,6.65,15.5270815,0.0,22.565422
2024-08-28,26.8,15.0,20.779165,0.0,39.413013
2024-08-29,22.15,12.35,16.716665,0.0,18.35647
2024-08-30,29.15,12.7,20.541666,0.0,28.876396
2024-08-31,22.9,14.7,18.120832,0.0,28.691795
2024-09-01,25.8,13.9,18.847914,0.0,30.113304
2024-09-02,25.1,12.3,17.718748,0.0,37.490158
2024-09-03,17.25,8.0,12.735417,0.0,27.852928
2024-09-04,20.7,5.4,13.500001,0.0,25.43802
2024-09-05,26.65,10.75,19.0875,0.0,20.304129
2024-09-06,29.3,15.25,21.702085,0.0,24.344624
2024-09-07,24.2,14.2,19.331253,0.0,25.35637
2024-09-08,19.7,12.35,15.270833,0.0,14.277983
2024-09-09,24.6,9.95,17.50625,0.0,24.703974
2024-09-10,20.05,12.1,16.122917,0.0,16.171976
2024-09-11,22.7,8.35,16.045832,0.0,17.298738
2024-09-12,19.1,13.85,16.085417,3.7999997,35.66908
2024-09-13,17.05,9.95,13.816666,0.1,25.620771
2024-09-14,22.2,7.65,14.356251,0.0,32.654995
2024-09-15,15.8,9.25,12.420834,0.2,41.797222
2024-09-16,18.25,5.1,12.349999,0.0,16.375053
2024-09-17,20.6,8.25,13.693748,0.0,18.289274
2024-09-18,24.9,6.25,15.354167,0.0,25.809765
2024-09-19,26.65,12.35,18.574999,0.0,35.281837
2024-09-20,24.0,8.1,15.999999,0.0,20.948164
2024-09-21,22.95,11.15,16.902084,0.0,18.775301
2024-09-22,25.2,9.15,17.097916,0.0,22.682856
2024-09-23,27.75,9.6,18.73125,0.0,15.725037
2024-09-24,24.05,13.25,18.479168,0.0,22.127556
2024-09-25,29.35,16.3,21.458334,0.8,19.721298
2024-09-26,17.5,11.95,13.739583,19.8,32.44047
2024-09-27,16.5,13.1,14.889584,2.3999999,30.784735
2024-09-28,18.15,14.0,15.672915,1.0000001,19.486609
2024-09-29,19.8,11.7,16.166666,12.6,15.476859
2024-09-30,18.9,11.55,15.908336,19.1,30.244818
2024-10-01,20.05,9.35,14.985417,0.0,18.64543
2024-10-02,18.3,13.15,15.675002,3.3999999,19.810633
2024-10-03,19.0,10.9,15.231251,0.3,15.898188
2024-10-04,20.65,8.2,15.364582,0.0,20.527102
2024-10-05,24.95,15.2,19.583336,6.8,22.442324
2024-10-06,26.7,14.65,20.020832,0.0,18.921415
2024-10-07,28.3,10.45,19.991667,0.0,20.232191
2024-10-08,17.5,14.8,15.4958315,1.4000001,26.087584
2024-10-09,16.3,12.6,14.839584,1.5,18.713942
2024-10-10,22.05,9.95,16.377085,0.0,26.758923
2024-10-11,22.8,12.5,18.21875,0.5,18.406704
2024-10-12,17.55,12.1,16.164585,0.4,34.549686
2024-10-13,20.35,11.5,16.147917,0.9,21.001457
2024-10-14,24.15,11.7,16.95833,3.9,16.394829
2024-10-15,17.35,14.15,15.762501,2.1,22.939232
2024-10-16,18.15,10.5,14.795833,0.0,10.075177
2024-10-17,21.75,8.2,16.0,0.0,19.376562
2024-10-18,24.5,16.1,19.79375,5.2999997,25.284714
2024-10-19,22.1,16.45,19.033335,5.9,21.087673
2024-10-20,20.25,16.25,17.841667,0.0,29.888672
2024-10-21,19.55,14.55,16.6625,0.8000001,32.663925
2024-10-22,21.95,12.1,16.504168,0.0,14.973577
2024-10-23,26.6,10.85,18.60625,0.0,17.574675
2024-10-24,20.15,14.25,17.3375,5.5,25.244318
2024-10-25,21.65,11.1,15.520833,0.8,30.189598
2024-10-26,18.5,10.0,14.391666,0.0,23.760681
2024-10-27,24.35,9.15,16.887499,0.0,21.219397
2024-10-28,24.9,11.5,17.789583,0.3,27.172848
2024-10-29,21.75,15.4,18.166666,0.2,20.302532
2024-10-30,24.85,11.3,18.847918,0.0,26.161995
2024-10-31,26.05,13.8,19.05833,1.2,20.12944
2024-11-01,21.2,16.1,18.4625,2.2,18.278645
2024-11-02,19.55,16.3,18.110415,1.5,24.840652
2024-11-03,31.5,14.5,23.308332,0.0,19.211996
2024-11-04,21.75,17.1,19.402086,5.1,20.625517
2024-11-05,22.2,17.4,19.70625,0.9000001,22.535252
2024-11-06,27.2,15.75,21.4375,0.1,21.522614
2024-11-07,34.3,18.75,24.516665,5.9999995,17.823637
2024-11-08,27.95,15.6,21.745834,0.6,23.510508
2024-11-09,22.95,17.0,19.793749,3.7,23.999475
2024-11-10,25.15,17.25,20.508331,1.2,33.366096
2024-11-11,21.15,16.9,19.177082,1.9000002,16.851885
2024-11-12,22.25,16.2,19.281252,0.8,15.3686695
2024-11-13,23.2,16.0,19.699999,9.599999,12.678185
2024-11-14,20.45,17.0,18.735416,1.9000002,22.866377
2024-11-15,20.6,17.75,18.866667,3.5999997,15.726067
2024-11-16,22.75,18.15,20.35,0.4,25.206429
2024-11-17,26.5,18.85,22.514582,22.3,25.710403
2024-11-18,25.75,18.0,20.783335,6.0999994,19.05281
2024-11-19,19.9,16.95,18.320833,5.0,16.24394
2024-11-20,22.4,15.1,19.09375,1.0,20.01969
2024-11-21,23.65,16.45,19.858335,0.1,19.987295
2024-11-22,25.0,15.1,20.4875,0.1,20.234594
2024-11-23,27.5,17.15,22.2125,0.0,21.661413
2024-11-24,27.65,18.2,22.758333,0.0,22.404757
2024-11-25,27.55,18.65,22.697916,0.0,24.470734
2024-11-26,31.1,19.25,24.493746,0.0,18.329973
2024-11-27,36.25,20.4,27.958334,0.5,14.044615
2024-11-28,30.05,22.65,25.591667,2.5,14.949756
2024-11-29,22.1,20.3,20.997915,21.0,17.654686
2024-11-30,23.9,20.7,21.672918,22.7,23.431824
2024-12-01,27.75,19.6,23.164581,9.900001,13.451914
2024-12-02,29.55,19.2,24.356247,0.0,25.925623
2024-12-03,30.3,21.25,25.352083,1.9000001,18.417263
2024-12-04,23.65,20.15,22.143751,0.2,17.845436
2024-12-05,24.65,19.8,22.179167,0.2,16.029099
2024-12-06,27.4,21.05,24.00625,0.2,13.584932
2024-12-07,31.95,22.0,26.527084,11.8,19.95972
2024-12-08,27.7,19.1,22.435415,2.1000001,21.457026
2024-12-09,22.05,19.05,20.610415,2.7,20.320877
2024-12-10,23.1,19.1,20.943754,0.3,26.165092
2024-12-11,23.4,18.45,20.679167,1.1,22.040997
2024-12-12,28.1,17.05,22.287498,0.0,15.546833
2024-12-13,29.35,19.5,24.035416,0.0,19.620825
2024-12-14,26.25,20.6,23.422915,0.0,16.997375
2024-12-15,26.55,21.15,23.674997,0.5,16.645864
2024-12-16,28.55,22.0,24.639582,0.4,24.84587
2024-12-17,33.75,20.35,26.072916,0.0,31.241796
2024-12-18,21.35,18.75,19.952085,18.900003,31.368582
2024-12-19,22.85,17.95,20.197918,0.2,20.696869
2024-12-20,23.35,15.55,19.866667,0.0,15.22783
2024-12-21,29.2,16.0,21.925001,0.5,16.85669
2024-12-22,25.05,20.0,22.197916,0.2,22.609177
2024-12-23,29.1,18.45,23.070833,0.0,21.791153
2024-12-24,22.7,16.0,19.970833,0.0,22.732082
2024-12-25,27.35,16.3,21.53125,0.0,20.690605
2024-12-26,27.2,17.0,22.714582,0.0,28.227304
2024-12-27,35.35,21.05,26.36458,0.8000001,24.012972
2024-12-28,24.2,18.75,21.514585,0.9000001,20.170443
2024-12-29,28.05,17.1,22.377083,0.0,17.727943
2024-12-30,25.75,19.9,22.625,0.3,18.252037
2024-12-31,26.65,18.9,23.156248,0.0,14.934577
2025-01-01,28.75,19.75,24.429169,0.0,21.794127
2025-01-02,22.65,20.05,21.329165,2.9999998,25.344229
2025-01-03,23.35,18.15,21.016666,2.9,16.244936
2025-01-04,27.35,18.7,23.40625,0.0,20.665535
2025-01-05,30.05,19.85,25.025,0.0,17.826363
2025-01-06,31.45,20.7,26.133333,2.6999998,17.594023
2025-01-07,21.45,18.55,20.381248,16.499998,27.047956
2025-01-08,19.95,17.5,18.485416,37.100002,27.59876
2025-01-09,22.55,18.0,20.547915,7.0,20.674158
2025-01-10,24.0,19.55,20.925001,14.2,15.070633
2025-01-11,23.3,19.55,21.487497,15.1,16.740969
2025-01-12,25.0,20.2,22.716667,3.0,19.54389
2025-01-13,27.55,20.75,23.597916,0.0,17.414474
2025-01-14,27.85,20.95,24.206247,0.1,14.383114
2025-01-15,28.2,20.95,24.733332,3.1000001,22.370024
2025-01-16,21.55,17.5,19.854164,26.6,31.320517
2025-01-17,21.2,16.95,19.270834,5.2,44.362244
2025-01-18,24.2,18.6,21.0375,16.699999,36.54044
2025-01-19,21.2,18.1,19.454168,2.7,24.72364
2025-01-20,22.25,15.1,18.970833,0.0,13.369771
2025-01-21,24.1,14.75,20.033335,0.0,14.941085
2025-01-22,31.85,18.4,22.797915,0.7,32.232563
2025-01-23,22.75,19.55,21.079165,0.0,21.457026
2025-01-24,22.95,17.45,20.202085,3.8000002,25.742516
2025-01-25,24.15,16.9,20.754166,0.2,19.66536
2025-01-26,25.35,17.75,22.304167,0.6,20.79448
2025-01-27,29.35,22.15,25.810415,0.0,20.834173
2025-01-28,36.75,21.1,27.104164,0.8000001,31.21949
2025-01-29,23.35,19.95,21.5,12.200001,17.640919
2025-01-30,23.45,20.2,21.725,12.799999,16.237955
2025-01-31,23.4,21.2,22.15625,1.5000001,18.329973
2025-02-01,25.05,20.95,22.80625,0.8,17.169018
2025-02-02,26.15,19.55,22.854164,0.4,14.892213
2025-02-03,27.95,19.8,23.987501,0.4,19.914215
2025-02-04,29.9,20.4,25.622917,0.0,19.134262
2025-02-05,30.3,21.4,24.704168,0.0,30.086395
2025-02-06,27.3,21.65,24.06458,1.8000002,15.561414
2025-02-07,29.25,20.65,24.875,0.0,22.825958
2025-02-08,28.5,20.6,24.410416,3.6,18.360882
2025-02-09,25.6,21.2,23.210413,3.0000002,14.33347
2025-02-10,22.55,19.9,21.44375,15.100001,16.084589
2025-02-11,25.15,19.25,21.793749,0.8,13.026081
2025-02-12,25.95,19.0,22.337502,2.3000002,17.339897
2025-02-13,26.3,21.0,23.933334,3.3999996,27.75154
2025-02-14,28.05,21.2,23.529167,5.2,15.503006
2025-02-15,24.65,18.65,21.716665,12.000001,16.87398
2025-02-16,20.6,15.55,18.350002,0.0,23.063892
2025-02-17,21.6,13.85,18.235416,0.0,18.272438
2025-02-18,25.45,13.75,19.583334,0.0,15.379206
2025-02-19,24.85,17.9,21.400002,2.4,17.47484
2025-02-20,21.75,19.0,20.554167,2.4999998,23.516708
2025-02-21,23.0,19.1,20.647917,7.2,14.48972
2025-02-22,25.7,19.2,22.237497,1.5000001,20.605871
2025-02-23,27.6,18.25,22.964582,0.0,23.555254
2025-02-24,26.35,19.4,23.166666,0.0,20.518421
2025-02-25,23.55,21.4,22.318754,1.2,19.09782
2025-02-26,26.1,19.35,22.702082,2.3000002,18.927406
2025-02-27,28.1,20.05,24.083334,0.3,19.72869
2025-02-28,32.65,20.6,25.939583,0.0,21.660664
2025-03-01,29.25,20.7,24.516665,0.0,18.079027
2025-03-02,26.5,20.5,23.470833,1.6000001,22.608458
2025-03-03,23.7,20.95,22.195837,1.7000002,25.6233
2025-03-04,24.1,20.15,21.724998,11.600002,22.543158
2025-03-05,25.25,20.05,22.412498,6.9999995,18.508516
2025-03-06,24.8,20.5,22.1625,2.3,21.809732
2025-03-07,24.3,20.4,22.025,1.5000001,20.406792
2025-03-08,24.6,20.2,22.258333,1.8000002,19.759048
2025-03-09,26.05,20.1,22.831247,1.2000002,18.624563
2025-03-10,25.0,20.25,22.206247,1.2,17.52298
2025-03-11,24.45,19.95,21.84375,2.1,13.210087
2025-03-12,24.9,19.35,21.760416,0.6,10.7714615
2025-03-13,26.9,18.7,22.449999,0.0,15.717823
2025-03-14,29.05,18.4,23.691666,0.0,17.483181
2025-03-15,30.65,21.85,25.675001,0.0,17.932373
2025-03-16,37.5,23.85,30.27917,0.0,20.768755
2025-03-17,22.95,17.4,19.616665,0.0,31.077509
2025-03-18,23.7,16.0,20.170835,0.0,13.752047
2025-03-19,25.95,18.7,22.691666,0.0,24.318659
2025-03-20,28.7,19.8,23.737501,0.0,19.983242
2025-03-21,26.25,19.95,22.356247,4.4999995,12.241323
2025-03-22,23.6,19.6,21.614584,1.6000001,15.034041
2025-03-23,22.55,20.4,21.479166,3.7,12.061343
2025-03-24,24.15,19.95,22.131248,0.5,12.57426
2025-03-25,23.5,20.9,22.089584,1.5000001,13.413321
2025-03-26,25.35,19.3,22.095833,0.4,13.37825
2025-03-27,24.7,17.8,21.3125,0.9,12.522619
2025-03-28,24.4,19.55,21.889582,5.1999993,18.4243
2025-03-29,21.3,19.05,20.131248,49.499996,26.323114
2025-03-30,22.9,19.3,20.90625,8.500001,32.957207
2025-03-31,22.1,17.75,19.479166,4.099999,32.971455
2025-04-01,21.4,17.0,18.854166,0.5,22.491358
2025-04-02,21.8,14.5,17.560415,0.0,11.53265
2025-04-03,24.85,13.65,18.620836,0.0,14.973577
2025-04-04,23.1,14.95,19.283335,0.6,13.358861
2025-04-05,24.3,14.85,18.643751,0.0,16.474672
2025-04-06,24.85,13.85,18.525,0.2,15.9134655
2025-04-07,25.3,13.3,18.870832,0.0,15.496736
2025-04-08,20.95,15.3,18.056253,5.0000005,10.185519
2025-04-09,22.05,14.85,18.616667,1.5,13.369771
2025-04-10,23.8,14.4,19.41875,0.0,11.656998
2025-04-11,27.1,14.45,20.2625,0.0,11.440978
2025-04-12,23.95,18.65,20.9375,0.2,16.13286
2025-04-13,25.3,16.15,20.31875,0.0,13.752047
2025-04-14,27.05,16.2,20.958334,0.3,23.946089
2025-04-15,21.8,17.3,19.631252,1.3,23.276442
2025-04-16,21.55,16.1,18.491667,1.1000001,24.536182
2025-04-17,21.85,16.35,18.866669,2.2,21.707731
2025-04-18,23.2,14.2,18.139582,0.0,13.276144
2025-04-19,27.8,13.15,19.69792,0.0,13.976394
2025-04-20,28.05,15.05,21.291666,0.0,16.529644
2025-04-21,25.75,16.2,20.168749,2.5,16.276815
2025-04-22,21.1,15.3,18.435417,17.3,26.295406
2025-04-23,23.1,19.0,20.404165,8.600001,19.523983
2025-04-24,22.8,17.05,19.749998,0.8000001,13.510796
2025-04-25,21.95,15.4,18.910416,2.3,10.9859
2025-04-26,22.7,14.6,18.689583,4.3,14.687382
2025-04-27,20.4,17.55,18.579163,27.7,25.31097
2025-04-28,20.6,16.85,18.460419,5.4999995,23.087763
2025-04-29,20.6,14.35,17.114584,4.1,14.120538
2025-04-30,17.3,13.1,15.435416,14.400002,24.467422
2025-05-01,18.25,12.8,15.029167,8.200001,25.277023
2025-05-02,18.15,12.7,15.472916,7.7999988,17.34083
2025-05-03,20.6,12.8,16.104166,0.1,10.805998
2025-05-04,21.0,10.85,15.9729185,0.1,12.815443
2025-05-05,22.9,14.45,17.839584,0.3,13.729647
2025-05-06,23.15,13.5,18.014582,0.0,13.527572
2025-05-07,25.55,13.3,19.072916,0.0,15.198012
2025-05-08,18.25,14.05,16.639584,1.1,21.547436
2025-05-09,17.15,12.15,14.818749,1.8000001,12.710091
2025-05-10,19.8,11.7,16.004168,0.3,10.182337
2025-05-11,20.3,13.7,16.872915,2.6999998,11.9466305
2025-05-12,20.6,15.45,17.339582,5.8,7.8583965
2025-05-13,20.85,14.4,17.125,0.6,8.936778
2025-05-14,21.4,13.35,16.741667,0.0,10.028439
2025-05-15,18.25,15.5,16.929167,7.7,14.799459
2025-05-16,19.0,15.35,16.975,8.699999,14.007655
2025-05-17,19.8,12.9,15.966666,1.3,14.739132
2025-05-18,15.45,12.75,14.108333,3.6,28.988384
2025-05-19,17.0,13.45,15.722916,19.000002,31.875755
2025-05-20,19.25,15.3,17.358334,1.9,21.06615
2025-05-21,19.1,15.85,17.260418,9.3,13.491597
2025-05-22,17.8,15.8,16.970835,45.3,24.485954
2025-05-23,19.3,14.85,17.697916,53.699997,27.158533
2025-05-24,20.3,13.2,15.933333,0.0,19.287737
2025-05-25,18.65,11.0,14.599999,0.0,14.148046
2025-05-26,19.95,8.2,13.593751,13.499999,23.241617
2025-05-27,17.5,12.05,14.910415,2.1,26.807312
2025-05-28,17.8,11.35,13.856251,0.0,25.346148
2025-05-29,16.75,10.1,13.2458315,0.0,15.922624
2025-05-30,18.65,9.2,13.712501,0.1,10.120098
2025-05-31,18.2,10.55,13.700001,0.3,10.272623
2025-06-01,18.75,8.85,13.443748,0.0,9.340941
2025-06-02,17.25,9.85,13.283334,0.0,6.391901
2025-06-03,17.2,10.8,13.391667,0.0,16.956345
2025-06-04,13.6,9.65,11.935416,9.100002,33.358326
2025-06-05,16.35,7.8,11.233333,0.0,15.99571
2025-06-06,16.0,5.65,10.4875,0.0,13.130133
2025-06-07,18.15,9.35,12.852082,0.0,20.355923
2025-06-08,14.95,8.3,11.5270815,0.0,21.627733
2025-06-09,13.6,6.6,10.037499,0.1,24.957764
2025-06-10,16.4,9.95,12.445834,0.0,22.304028
2025-06-11,15.5,8.45,11.202083,0.0,19.003431
2025-06-12,15.25,7.1,11.03125,0.0,16.084589
2025-06-13,14.45,7.4,10.620833,1.4000001,20.833395
2025-06-14,15.9,9.25,11.935417,0.8000001,13.18308
2025-06-15,16.2,6.4,10.5375,0.9,9.215226
2025-06-16,15.15,5.85,9.895831,0.0,11.837651
2025-06-17,17.75,5.95,11.012501,0.0,17.326813
2025-06-18,14.8,4.85,9.604167,0.0,15.477906
2025-06-19,15.75,3.9,9.183333,0.0,10.041354
2025-06-20,16.05,4.5,9.806251,0.0,10.829959
2025-06-21,17.15,4.7,10.422916,0.0,9.595874
2025-06-22,17.35,5.05,10.539584,0.0,9.039514
2025-06-23,20.65,6.0,13.070832,0.0,15.137133
2025-06-24,19.7,14.2,16.058332,2.8000002,27.079681
2025-06-25,15.2,9.45,12.843751,0.0,32.22452
2025-06-26,14.3,6.85,10.685416,0.0,24.988901
2025-06-27,14.55,7.4,11.054166,0.0,16.443174
2025-06-28,16.45,8.1,12.143749,0.0,10.8955765
2025-06-29,17.4,6.3,11.893749,0.0,10.742848
2025-06-30,16.35,7.35,11.910417,0.8,18.228943
2025-07-01,12.4,9.75,11.34375,64.700005,39.423695
2025-07-02,16.45,11.35,13.750003,17.5,33.625328
2025-07-03,17.65,11.95,14.150002,2.4,25.558098
2025-07-04,16.8,8.95,12.2229185,0.0,17.555305
2025-07-05,16.85,5.65,11.414584,0.0,11.855429
2025-07-06,20.6,10.8,14.443749,0.0,15.275627
2025-07-07,15.85,9.45,12.077085,0.0,17.615187
2025-07-08,15.35,7.25,11.166665,0.0,16.343367
2025-07-09,18.1,10.0,13.585418,0.0,16.794106
2025-07-10,14.7,9.75,11.95625,0.2,32.20944
2025-07-11,16.2,9.25,11.983334,0.0,32.228043
2025-07-12,17.1,7.6,12.600001,0.0,18.431332
2025-07-13,17.0,5.2,10.529167,0.0,16.521803
2025-07-14,16.75,7.35,12.59375,0.0,18.758902
2025-07-15,12.45,5.6,9.256249,0.0,17.313717
2025-07-16,15.75,7.0,10.33125,0.0,15.316933
2025-07-17,15.45,4.25,9.289583,0.0,12.20023
2025-07-18,14.6,7.15,11.297917,0.5,21.481173
2025-07-19,16.6,5.8,10.302083,0.0,11.720751
2025-07-20,16.95,5.5,11.227084,0.1,15.710607
2025-07-21,17.4,8.55,13.112499,0.4,12.081473
2025-07-22,18.6,11.6,14.668751,0.4,18.287502
2025-07-23,17.4,9.7,13.716667,1.6,16.87398
2025-07-24,15.7,7.7,10.889585,0.0,20.008356
2025-07-25,15.75,3.9,10.566667,0.0,19.080849
2025-07-26,17.75,10.55,13.766666,9.700001,23.315384
2025-07-27,16.9,11.5,13.518749,0.0,23.44841
2025-07-28,16.8,11.1,13.187501,0.0,24.11261
2025-07-29,16.5,10.2,12.945832,0.0,19.881649
2025-07-30,11.5,9.65,10.7,21.6,22.81957
2025-07-31,13.65,10.05,11.291667,5.499999,26.405453
2025-08-01,13.1,9.1,10.760417,13.799999,16.992609
2025-08-02,15.55,11.2,12.885417,21.8,30.927017
2025-08-03,16.5,13.4,14.631249,19.299997,28.094995
2025-08-04,17.85,11.7,14.4875,1.9000002,8.766573
2025-08-05,21.0,9.75,14.360415,0.0,14.383114
2025-08-06,17.6,9.3,12.743751,0.0,15.84409
2025-08-07,15.05,8.9,12.129167,2.9,18.466455
2025-08-08,16.0,10.6,13.110419,1.4000001,15.580141
2025-08-09,15.3,11.5,12.945834,11.599998,16.666288
2025-08-10,14.6,10.55,12.170834,8.500001,19.633205
2025-08-11,14.75,9.7,11.681251,3.2,17.069656
2025-08-12,15.75,6.55,10.841667,0.8,10.8029995
2025-08-13,17.25,6.85,11.870833,0.1,13.472372
2025-08-14,14.05,11.0,12.283333,10.700001,21.869074
2025-08-15,18.15,9.25,13.412498,2.6,14.174356
2025-08-16,17.25,9.5,12.65625,7.7000003,17.71789
2025-08-17,15.75,6.55,10.23125,0.0,17.48596
2025-08-18,13.0,5.9,9.58125,2.6,22.517992
2025-08-19,14.75,9.1,11.697917,17.300001,17.935081
2025-08-20,14.4,9.45,12.010415,28.900002,15.713702
2025-08-21,15.75,12.45,13.985417,66.6,26.562046
2025-08-22,16.5,10.95,13.662501,10.3,10.8955765
2025-08-23,18.95,11.4,14.835416,0.3,23.885803
2025-08-24,18.0,11.2,14.741668,0.0,18.417263
2025-08-25,20.2,11.95,15.393748,0.2,15.004919
2025-08-26,21.15,11.3,16.6,0.0,23.080746
2025-08-27,20.95,12.65,16.193748,0.3,22.323627
2025-08-28,18.15,10.25,13.862498,0.0,24.329315
2025-08-29,19.3,9.5,14.354167,0.1,24.544107
2025-08-30,16.65,9.1,12.420833,0.2,31.479935
2025-08-31,18.9,6.85,12.247916,0.0,15.192682
2025-09-01,17.8,8.15,12.683334,0.0,13.78029
2025-09-02,17.95,9.45,13.962502,0.9,14.81915
2025-09-03,20.4,8.9,14.120834,0.0,14.264361
2025-09-04,22.45,12.05,16.291666,0.0,18.35647
2025-09-05,16.65,11.3,13.810417,0.4,19.620827
2025-09-06,19.25,10.45,15.070832,0.0,21.134485
2025-09-07,21.75,10.1,16.081251,0.0,24.23324
2025-09-08,27.95,15.55,21.008333,0.0,20.340796
2025-09-09,24.35,16.65,19.539587,0.2,19.107151
2025-09-10,17.5,13.35,16.18125,27.5,26.641216
2025-09-11,15.9,8.75,12.358334,35.300003,33.5037
2025-09-12,18.95,9.45,13.458335,0.0,11.811622
2025-09-13,19.1,9.05,13.962501,0.0,13.288341
2025-09-14,21.25,9.45,15.070834,0.0,15.486278
2025-09-15,24.65,9.7,17.447914,0.0,14.677452
2025-09-16,26.5,15.7,20.683332,0.0,23.365358
2025-09-17,24.8,13.45,18.885416,0.4,14.4415655
2025-09-18,19.4,9.35,14.614583,0.0,16.724508
2025-09-19,22.7,9.65,16.566668,0.8,18.102308
2025-09-20,22.05,13.25,17.422916,7.0,21.964422
2025-09-21,21.9,9.8,15.295835,0.0,14.410121
2025-09-22,22.3,10.15,14.152083,5.5,24.117983
2025-09-23,16.35,8.15,12.497916,0.0,16.56489
2025-09-24,24.2,8.75,15.412498,0.0,24.464773
2025-09-25,25.75,9.95,18.12292,0.0,19.474136
2025-09-26,28.75,16.45,22.183332,0.0,27.103
2025-09-27,31.65,17.4,23.837502,0.0,21.252962
2025-09-28,23.65,17.55,20.422916,0.1,19.83025
2025-09-29,22.45,14.7,17.810417,0.5,18.29459
2025-09-30,23.85,13.9,19.858332,0.0,21.166653
2025-10-01,27.1,16.45,21.8375,0.0,22.35481
2025-10-02,25.35,12.9,17.620832,0.0,33.70665
2025-10-03,24.85,11.95,17.770834,0.0,21.426804
2025-10-04,22.15,12.1,16.88125,0.0,14.508715
2025-10-05,26.95,12.4,20.241667,0.0,17.137852
2025-10-06,32.7,17.35,22.88958,3.0000002,21.857958
2025-10-07,22.2,16.2,18.787498,2.6,19.370708
2025-10-08,29.2,15.25,22.6875,0.0,28.961546
2025-10-09,26.4,20.75,23.560415,1.4,24.948027
2025-10-10,30.3,15.0,23.36458,0.0,16.135872
2025-10-11,30.6,16.75,23.81458,0.0,23.70129
2025-10-12,32.1,16.5,21.664581,1.3000001,31.90065
2025-10-13,22.15,14.95,17.472916,0.0,22.288042
2025-10-14,26.4,13.6,19.593752,0.0,11.334285
2025-10-15,25.55,14.25,19.695833,0.0,16.279802
2025-10-16,27.0,15.0,21.252085,0.0,21.663656
2025-10-17,33.15,17.5,24.127083,0.9,26.194172
2025-10-18,20.85,16.7,18.454166,0.0,18.275984
2025-10-19,24.45,16.65,20.022917,0.0,21.915691
2025-10-20,33.25,16.55,24.925001,0.0,22.019672
2025-10-21,21.55,17.85,19.38542,0.0,20.5484
2025-10-22,38.15,17.95,26.63958,0.0,33.073498
2025-10-23,23.35,16.9,19.175005,0.1,23.678722
2025-10-24,23.05,16.3,18.59583,0.1,26.591913
2025-10-25,24.25,13.95,18.797915,0.0,16.554129
2025-10-26,24.35,15.9,20.325003,1.5,20.170443
2025-10-27,24.6,13.6,17.762499,2.0000002,34.957554
2025-10-28,16.2,12.65,14.339583,2.6000001,22.885498
2025-10-29,16.35,12.0,14.427085,9.4,8.936778
2025-10-30,20.35,13.5,16.904165,5.5,12.204212
2025-10-31,22.15,14.55,18.689583,1.1,17.873556
2025-11-01,23.7,15.85,19.183332,14.700001,18.252037
2025-11-02,22.1,17.0,19.44375,0.5,13.767352
2025-11-03,25.6,17.55,21.981249,0.0,21.749481
2025-11-04,21.85,14.8,18.65833,2.2,29.695635
2025-11-05,25.35,12.35,17.841665,0.0,15.655861
2025-11-06,23.85,12.05,18.502085,0.0,21.437386
2025-11-07,28.1,16.75,21.272917,0.0,22.62708
2025-11-08,31.55,19.5,25.170835,2.4,27.455753
2025-11-09,19.55,15.3,17.316666,0.0,25.18521
2025-11-10,21.55,13.1,17.616665,0.9,22.437273
2025-11-11,27.65,13.7,19.718748,0.1,26.827246
2025-11-12,20.45,10.35,15.675,0.0,19.813087
2025-11-13,26.65,11.4,19.187498,0.0,20.364674
2025-11-14,22.15,17.4,19.762499,0.5,18.900856
2025-11-15,24.75,17.65,21.147917,0.5,23.546999
2025-11-16,30.4,18.5,24.975,0.3,15.172409
2025-11-17,23.45,17.6,20.456253,1.9,21.637466
2025-11-18,25.55,14.1,20.029165,0.0,20.620804
2025-11-19,28.0,15.15,21.835417,0.0,22.97381
2025-11-20,23.0,17.5,19.94375,0.4,20.917984
2025-11-21,18.15,16.05,17.37292,8.400001,22.922983
2025-11-22,21.65,18.05,19.758335,6.1,16.50709
2025-11-23,25.75,18.05,21.010416,6.2999997,14.98331
2025-11-24,21.9,17.7,19.464582,0.0,22.842983
2025-11-25,28.2,16.65,23.360418,0.1,15.027575
2025-11-26,35.05,18.4,27.858332,0.70000005,31.161322
2025-11-27,32.45,18.45,25.281252,0.0,21.420753
2025-11-28,29.8,17.25,22.908335,0.1,20.406792
2025-11-29,32.3,19.3,24.395834,1.2,33.481937
2025-11-30,28.85,17.35,22.106249,0.5,33.95947
2025-12-01,24.35,14.4,19.110418,0.2,24.552027
2025-12-02,20.2,13.35,17.283335,0.2,22.075516
2025-12-03,26.1,13.5,19.904167,0.0,19.25327
2025-12-04,29.8,15.25,23.247917,0.0,20.765635
2025-12-05,36.15,17.85,27.227083,0.0,19.935354
2025-12-06,38.75,23.8,30.877085,0.0,28.04305
2025-12-07,27.95,18.3,21.612501,0.4,25.70221
2025-12-08,26.1,18.55,21.677084,0.6,22.689283
2025-12-09,31.35,17.75,23.787498,0.2,22.416323
2025-12-10,24.45,19.05,21.704168,4.0,17.873556
2025-12-11,22.05,19.05,20.354166,3.6999996,23.45394
2025-12-12,20.5,17.9,19.329168,27.200005,14.892213
2025-12-13,24.2,16.05,20.416666,3.8,16.208998
2025-12-14,29.0,18.35,23.285416,8.9,35.885063
2025-12-15,21.65,18.1,19.710417,1.9000003,18.584509
2025-12-16,21.45,17.85,19.41875,0.4,11.734564
2025-12-17,23.6,17.55,20.877085,0.0,22.180935
2025-12-18,29.1,18.25,24.095835,0.0,22.427162
2025-12-19,39.05,21.15,28.641663,0.2,13.78029
2025-12-20,30.45,22.3,25.589584,7.899999,16.992609
2025-12-21,34.8,21.75,27.368746,0.8,18.391737
2025-12-22,28.75,21.4,25.466667,1.3000001,21.836456
2025-12-23,32.45,19.5,23.264582,0.0,28.814058
2025-12-24,30.05,17.7,23.658333,0.0,24.070244
2025-12-25,21.6,16.5,19.464582,1.9000001,23.565569
2025-12-26,17.15,14.3,15.9375,2.6,23.801556
2025-12-27,20.4,13.25,17.041664,0.5,16.925743
2025-12-28,20.8,15.55,18.20625,0.8,23.272963
2025-12-29,21.95,14.25,18.3,0.0,14.81915
2025-12-30,22.7,13.8,18.781252,0.0,14.743526
2025-12-31,22.95,15.1,19.439585,0.4,15.547875
2026-01-01,19.6,18.0,18.664583,2.9999998,21.69056
2026-01-02,21.8,17.1,19.339582,0.5,12.3165245
2026-01-03,24.05,17.8,21.0125,0.5,22.682856
2026-01-04,28.1,19.0,22.410418,13.0,16.055353
2026-01-05,23.95,18.25,21.202084,2.6999998,13.1412325
2026-01-06,25.25,19.2,22.266668,1.3000001,16.45007
2026-01-07,30.2,19.6,24.645834,0.0,19.91503
2026-01-08,32.9,20.65,26.237497,0.0,21.767351
2026-01-09,31.85,20.45,25.972916,0.0,23.210928
2026-01-10,41.95,21.95,32.24375,0.0,28.561071
2026-01-11,22.0,18.35,20.5375,12.500001,24.849127
2026-01-12,20.7,18.45,19.479164,6.5999994,17.294992
2026-01-13,25.45,18.2,22.041664,0.3,16.412603
2026-01-14,24.45,20.55,22.447916,0.6,21.365477
2026-01-15,24.65,21.25,22.841665,14.6,24.912935
2026-01-16,24.7,19.25,21.733332,6.8999996,23.023119
2026-01-17,21.5,19.05,20.258333,61.099995,31.458832
2026-01-18,21.9,18.4,19.97083,19.700005,27.70831
2026-01-19,22.7,18.2,20.149998,7.399999,16.084589
2026-01-20,22.75,17.35,20.275,1.4000001,14.545515
2026-01-21,22.5,16.9,19.889582,0.6,14.410121
2026-01-22,23.05,16.6,19.585417,0.2,29.129427
2026-01-23,22.05,17.55,19.579168,0.0,12.659004
2026-01-24,25.4,15.75,21.368752,0.0,18.083506
2026-01-25,34.05,19.1,26.35,0.0,23.580687
2026-01-26,25.1,20.95,22.722921,0.2,23.448412
2026-01-27,25.6,19.1,22.145834,0.0,16.981165
2026-01-28,27.35,17.25,22.599998,0.0,19.623302
2026-01-29,27.35,20.5,23.929163,0.0,14.275713
2026-01-30,28.4,19.35,23.995834,0.0,21.166653
2026-01-31,29.65,21.25,25.383331,0.0,21.028437
2026-02-01,30.55,20.0,24.120836,2.7,25.030357
2026-02-02,20.4,17.2,19.010416,1.5000001,32.232067
2026-02-03,23.45,16.9,19.979164,3.2,15.2501545
2026-02-04,26.7,17.45,22.427086,0.0,19.174856
2026-02-05,35.05,19.65,25.606249,0.0,16.981165
2026-02-06,30.15,20.1,24.454168,0.0,14.7742605
2026-02-07,30.45,21.2,25.652082,0.0,15.815435
2026-02-08,24.65,21.8,22.985415,5.4,20.12461
2026-02-09,27.35,21.35,22.820831,8.700002,11.7
2026-02-10,25.8,20.8,23.183332,0.0,9.97986
2026-02-11,29.25,20.25,24.720835,0.0,19.017065
2026-02-12,25.55,18.65,22.131254,3.1999998,29.82193
2026-02-13,22.4,18.4,20.183332,0.2,15.735336
2026-02-14,23.75,17.6,20.439583,3.9,16.85669
2026-02-15,22.0,18.0,19.59583,8.2,13.870515
2026-02-16,23.7,17.35,20.433332,3.3999996,15.596767
2026-02-17,27.15,16.7,21.616667,0.0,20.750027
2026-02-18,36.85,19.8,25.383337,0.4,23.576563
2026-02-19,27.05,21.2,23.962502,0.8000001,17.505404
2026-02-20,27.05,22.8,24.349998,0.1,18.335276
2026-02-21,32.05,21.85,25.816666,1.1,14.572219
2026-02-22,32.9,21.55,26.28958,5.9000006,14.664202
2026-02-23,27.3,22.2,24.39583,0.6,14.74902
2026-02-24,28.65,20.8,24.41667,0.0,21.67786
2026-02-25,27.6,21.4,24.018753,0.6,21.535404
2026-02-26,24.75,20.7,22.218752,14.7,20.397263
2026-02-27,23.05,20.55,21.677084,12.800001,19.023878
2026-02-28,24.65,20.3,22.15625,1.9000001,15.779543
2026-03-01,24.9,20.2,22.374998,1.7000002,12.007498
2026-03-02,26.05,21.3,23.158335,4.4,23.277834
2026-03-03,25.5,21.05,22.795835,0.7,16.997377
2026-03-04,28.25,21.0,24.06875,0.3,15.013554
2026-03-05,27.5,20.95,23.799997,5.7000003,11.157097
2026-03-06,26.85,21.4,24.008333,0.2,14.799459
2026-03-07,27.4,21.35,23.74375,7.9999995,19.619999
2026-03-08,22.75,20.65,21.441666,24.4,25.241108
2026-03-09,23.45,19.65,21.445831,9.6,21.274294
2026-03-10,25.5,19.1,21.791666,8.299999,11.681987
2026-03-11,26.55,19.25,23.012499,0.0,24.230566
2026-03-12,23.6,20.0,21.866667,0.2,20.38773
2026-03-13,20.45,18.1,19.347916,4.6,26.825436
2026-03-14,22.9,15.35,19.595833,0.0,14.33234
2026-03-15,25.2,15.05,20.34583,0.0,18.222721
2026-03-16,26.05,16.3,21.614584,0.0,19.091883
2026-03-17,28.25,19.45,22.9375,4.3999996,14.822429
2026-03-18,22.6,18.95,21.008333,14.600002,15.079229
2026-03-19,23.45,19.9,21.30625,12.900001,7.9036193
2026-03-20,24.55,19.25,21.660416,4.1000004,15.133923
2026-03-21,24.65,18.65,21.206247,11.8,16.204998
2026-03-22,25.0,18.7,21.918747,0.2,13.529966
2026-03-23,24.4,19.1,21.7875,3.1999998,14.414617
2026-03-24,25.6,18.2,21.75208,0.8,12.295462
2026-03-25,25.95,17.8,21.622917,0.2,13.605189
2026-03-26,27.9,18.15,21.727081,13.900001,15.779543
2026-03-27,18.25,12.3,15.345833,12.0,30.345354
2026-03-28,20.9,14.05,17.00625,0.0,22.981565
2026-03-29,21.35,13.05,17.739584,0.0,15.256526
2026-03-30,22.9,14.0,18.402084,0.2,12.466867
2026-03-31,23.35,13.55,18.835417,0.0,14.935662
2026-04-01,24.65,14.85,20.102081,0.0,16.09969
2026-04-02,26.2,16.4,20.68125,0.0,14.182355
2026-04-03,23.8,16.35,20.239582,0.9000001,23.400002
2026-04-04,20.15,17.2,18.749998,6.2999988,20.778112
2026-04-05,21.3,16.1,18.202082,3.7999997,12.881008
2026-04-06,21.05,13.7,16.94375,1.9000001,7.69592
2026-04-07,26.6,13.9,20.050001,0.0,10.829959
2026-04-08,25.9,17.15,21.029165,0.0,13.493999
2026-04-09,27.55,17.05,21.879168,0.0,17.782688
2026-04-10,29.55,18.75,23.431252,0.0,16.546297
2026-04-11,24.65,15.6,20.312498,0.3,21.41319
2026-04-12,20.25,12.0,16.074999,0.0,27.014996
2026-04-13,22.8,12.6,17.035418,0.0,21.650938
2026-04-14,23.15,12.6,17.272915,0.0,15.273505
2026-04-15,25.0,11.65,17.614584,0.0,12.284918
2026-04-16,26.3,13.25,19.089582,0.0,10.706596
2026-04-17,27.5,12.9,18.752083,2.8999999,23.289661
2026-04-18,19.1,10.65,15.1375,0.0,15.655862
2026-04-19,20.0,10.35,15.006249,0.0,17.134071
2026-04-20,20.5,10.85,16.025,0.0,21.27734
2026-04-21,19.5,14.6,16.691668,4.5999994,19.649702
2026-04-22,20.4,15.15,17.491667,1.0,16.116785
2026-04-23,21.25,13.6,17.510416,0.0,14.178927
2026-04-24,22.3,14.9,18.233332,0.2,11.298495
2026-04-25,23.3,13.9,18.164583,0.0,14.396625
2026-04-26,23.1,12.65,17.479164,0.0,14.81915
2026-04-27,22.9,11.25,16.829166,0.0,11.792404
2026-04-28,22.8,12.3,17.277082,0.0,12.303366
2026-04-29,23.15,11.75,17.416666,0.0,11.53265
2026-04-30,23.1,14.6,18.383331,0.1,13.18308
2026-05-01,22.2,13.85,17.954166,0.4,9.504272
2026-05-02,22.95,15.8,19.593752,1.2,20.327251
2026-05-03,24.4,16.1,20.335417,0.0,19.85556
2026-05-04,20.9,15.85,18.562498,4.4,15.517629
2026-05-05,22.15,12.9,17.166666,0.5,14.401124
2026-05-06,21.15,11.0,15.810417,0.0,10.993271
2026-05-07,17.0,10.45,13.41875,0.1,26.713478
2026-05-08,18.95,9.95,14.174999,0.0,22.845821
2026-05-09,20.55,11.2,15.441667,0.0,14.275713
2026-05-10,21.3,10.0,15.65625,0.0,16.344355
2026-05-11,21.7,14.65,18.045832,1.3000001,13.619472
2026-05-12,20.35,15.65,17.758333,5.299999,18.13003
2026-05-13,18.55,16.3,17.381248,11.0,14.233664
2026-05-14,20.1,14.95,17.343752,2.1000001,12.229406
2026-05-15,19.75,13.65,16.458334,1.8000001,9.016185
2026-05-16,20.2,13.0,16.510416,2.1,13.18308
2026-05-17,21.1,14.7,17.510416,1.1000001,12.257194
2026-05-18,20.0,15.6,17.422915,14.299999,8.669949
2026-05-19,20.3,15.05,16.981249,7.999999,16.580532
2026-05-20,17.85,12.1,14.4645815,0.0,16.029099
2026-05-21,17.35,11.15,14.329167,2.3000002,21.872036
2026-05-22,18.7,13.55,15.962501,5.1,21.175835
2026-05-23,18.65,15.65,16.989584,4.8,16.676977
2026-05-24,20.0,14.2,17.029165,2.5,10.478722
2026-05-25,19.8,14.7,17.15,5.6,9.444426
2026-05-26,19.3,16.05,17.539583,16.4,10.163227
2026-05-27,20.9,15.3,17.852083,5.8999996,12.835653
2026-05-28,19.95,16.9,18.143747,21.4,19.42416
2026-05-29,19.3,14.65,17.204166,14.8,25.787788
2026-05-30,18.4,11.8,14.447918,0.0,20.82484
2026-05-31,17.9,11.3,13.860416,0.0,19.201874
2026-06-01,16.15,9.6,12.391665,0.0,18.844202
2026-06-02,17.45,10.95,13.829165,6.7,28.67485
2026-06-03,19.55,12.9,15.627084,0.0,22.163403
2026-06-04,17.5,11.6,13.875,0.1,20.36865
2026-06-05,17.85,10.3,13.393753,1.7,20.91256
2026-06-06,16.75,8.3,12.027083,0.0,16.412603
2026-06-07,17.45,8.3,12.314583,0.0,11.989945
2026-06-08,18.0,7.85,12.875,0.1,9.914717
2026-06-09,18.8,9.8,14.452084,1.5,15.042659
2026-06-10,21.2,11.45,16.229166,0.0,11.966954
2026-06-11,19.9,13.6,16.329166,2.3,14.508715
2026-06-12,19.3,13.9,16.222914,0.4,11.157097
2026-06-13,20.55,12.2,16.1375,0.0,10.399576
2026-06-14,19.4,14.55,16.433332,3.1,16.59225
2026-06-15,18.65,13.65,16.241665,1.7000002,14.2336645
2026-06-16,19.9,11.45,15.2625,0.0,10.993271
2026-06-17,19.5,11.85,15.0625,0.0,10.018743
2026-06-18,21.05,12.85,16.489582,0.0,17.986494
2026-06-19,20.45,14.8,17.668749,0.0,22.766264
2026-06-20,19.1,11.95,15.060417,0.0,15.804164
2026-06-21,17.2,8.8,12.993751,0.0,12.781267
2026-06-22,16.6,8.6,12.406251,0.0,13.32
2026-06-23,15.85,8.15,11.558334,0.0,14.428097
2026-06-24,17.1,6.95,12.054166,0.8000001,16.459915
2026-06-25,16.05,11.65,13.2375,14.5,14.20062
2026-06-26,15.1,9.75,12.410417,4.2,10.234705
2026-06-27,15.6,10.55,12.493752,3.7999995,9.0018
2026-06-28,16.25,10.05,12.858333,8.2,14.357185
2026-06-29,16.85,9.55,13.09375,1.2000002,10.062305
2026-06-30,18.0,10.25,14.270835,0.6,15.941944
2026-07-01,21.05,13.35,16.839586,0.0,20.833395
2026-07-02,21.2,14.4,17.297916,2.5,20.973671
2026-07-03,16.85,11.3,14.16875,0.0,21.316135
2026-07-04,16.8,9.5,12.487499,0.0,16.985933
2026-07-05,14.15,6.8,11.141665,3.3,19.656296
2026-07-06,15.25,11.95,13.572918,6.399999,22.315643
2026-07-07,15.65,10.95,12.9958315,3.7,21.637466
